Model,MAE,RMSE,MAPE
Baseline_Naive,4.785714285714286,5.974150666871081,64.0160878988962
Random_Forest,13.150734977324262,16.764605325301652,78.2221639014098
